{"stat.mineBlock.am.flux_generator_block":1,"stat.walkOneCm":10024,"stat.swimOneCm":525,"stat.jump":7,"stat.playOneMinute":6837,"stat.pickup.am.flux_pipe_block":2,"stat.useItem.am.flux_generator_block":1,"stat.useItem.am.flux_pipe_block":2,"stat.damageTaken":60,"stat.mineBlock.am.flux_pipe_block":2,"stat.timeSinceDeath":6837,"stat.useItem.minecraft.wooden_pickaxe":3,"stat.pickup.minecraft.dirt":1,"stat.mineBlock.minecraft.dirt":1,"stat.useItem.minecraft.stone_slab2":3,"stat.pickup.am.flux_generator_block":1}