{"stat.drop.minecraft.iron_pickaxe":1,"stat.mineBlock.am.flux_generator_block":3,"stat.walkOneCm":16770,"stat.drop":9,"stat.jump":23,"stat.swimOneCm":1867,"stat.drop.am.flux_generator_block":2,"stat.playOneMinute":7448,"stat.pickup.minecraft.iron_pickaxe":1,"stat.drop.minecraft.wooden_pickaxe":6,"stat.useItem.am.flux_generator_block":4,"stat.pickup.minecraft.wooden_pickaxe":7,"stat.useItem.minecraft.diamond_pickaxe":1,"stat.timeSinceDeath":7448,"stat.useItem.minecraft.wooden_pickaxe":1,"stat.useItem.minecraft.iron_pickaxe":1,"stat.useItem.minecraft.stone_slab2":2,"stat.pickup.am.flux_generator_block":6}